Unnamed: 0,folds,val_cindex
0,0,0.7869078590785907
1,1,0.93817277486911
2,2,0.8771467889908257
3,3,0.7950188679245284
4,4,0.8747117794486216
